Timestamp,What is your current academic year? ,  Which department are you currently studying in?  ,  What is your batch?  ," Have you participated in any research, thesis, or research-based project?  ",Are you currently interested in conducting research or thesis?  ,  Which research areas are you interested in?  ,How difficult is it for you to identify a research topic that matches your interests?  ,Have you ever faced difficulty finding a suitable research/thesis supervisor?  ,How do you currently find faculty members working in your area of interest?  ,What difficulties do you face when looking for a suitable research supervisor?  , How do you currently learn about available thesis or research opportunities?  ,Have you ever missed a research/thesis opportunity because you did not know about it?  ,What information would you like to see in a thesis/research opportunity listing?  ,How useful would it be to browse previous BUP thesis and research projects?  ,What information would you like to see about previous research projects?  ,How useful would it be to connect with BUP alumni who have experience in your research area?  ,Would you be interested in receiving research guidance from faculty members or experienced alumni?  ,What type of research support would you prefer?  ,How useful would a system that allows students to send research mentorship requests to faculty members or alumni be?  ,How likely would you be to use such a platform?  ,Which features would be useful to you?  ,Which THREE features would be most important to you?  ,What concerns might prevent you from using such a platform?  ,What additional feature or suggestion would you like to see in BUP Research Bridge?  
9/26/2026 1:11:15,3rd Year,ICT,2024,"Yes, research",Yes,"Artificial Intelligence, Machine Learning, Deep Learning",1,Yes,"Department website, Faculty profile, Asking seniors","Publication information is difficult to find, I don't know whether a faculty member is currently accepting students","Faculty members, Seniors, Department notice",Yes,"Faculty/supervisor name, Project description, Required skills",2,"Project title, Research area, Student names, Supervisor",3,No,"Research paper understanding, Higher studies/research career guidance",2,1,"Thesis opportunity listing, Previous thesis/research repository","Previous thesis repository, Publication search","Privacy concerns, Information may not be reliable",kjcnJK
9/26/2026 9:57:00,3rd Year,ICT,2024,No,Yes,Machine Learning,3,Yes,Department website,I don't know which faculty works in my research area,Faculty members,No,"Research topic, Faculty/supervisor name",4,Publication information,4,Yes,Research topic selection,4,3,Student research-interest profile,Research collaboration,Too many notifications,Research Profile 
9/26/2026 9:58:45,3rd Year,ICT,2024,Currently planning to start,Yes,Software Engineering,3,No,Messenger/Whatsapp,Information is scattered across different sources,Messenger/whatsapp groups,No,Opportunity status,5,Research outcome,5,Yes,Technical guidance,5,4,Thesis opportunity search and filtering,"Faculty research-area search, Previous thesis repository, Publication search",Difficult user interface,Nothing 
9/26/2026 10:15:33,1st Year,ICT,2026,No,Not sure yet,"Artificial Intelligence, Machine Learning, Data Science, Computer Vision, Cybersecurity",5,I have not searched for a supervisor yet,"Department website, Faculty profile, Asking seniors, LinkedIN","I don't know which faculty works in my research area, Faculty research interests are difficult to find",I usually don't know about available opportunities,Not sure,"Research topic, Research area, Project description, Required skills, Required prerequisites",4,"Project title, Research area, Project abstract, Methodology, Technologies/tools used, Research outcome, Publication information",5,Yes,"Research topic selection, Research methodology, Research paper understanding, Dataset selection, Technical guidance, Thesis guidance, Publication guidance, Higher studies/research career guidance",5,5,"Faculty research directory, Search faculty by research area, Faculty publication profile, Thesis opportunity search and filtering, Previous thesis/research repository, Alumni research profiles, Student research-interest profile, Mentorship request system","Faculty research-area search, Thesis opportunity listings, Alumni research profiles, Mentorship requests","Difficult user interface, Lack of faculty participation, Lack of alumni participation, Too many notifications",Idk
9/26/2026 10:35:25,1st Year,ICT,2026,No,Yes,"Artificial Intelligence, Machine Learning, Deep Learning, Data Science, Cybersecurity, Networking, Software Engineering, Internet Of thing(IoT), Robotics, Communication System",5,I have not searched for a supervisor yet,"Asking classmates, Facebook, Messenger/Whatsapp",Other,I usually don't know about available opportunities,Not sure,Other,3,"Project title, Methodology, Technologies/tools used, Research outcome",4,Maybe,"Research topic selection, Research methodology, Research paper understanding, Technical guidance, Thesis guidance, Publication guidance, Higher studies/research career guidance",3,3,"Thesis opportunity search and filtering, Previous thesis/research repository, Alumni research profiles, Student research-interest profile, Research collaboration","Thesis opportunity listings, Previous thesis repository, Research collaboration","Privacy concerns, Information may not be reliable, Lack of alumni participation, I prefer direct communication","A supervisor matching system based on research interests, along with researcher profiles, project listings, and notifications for available research opportunities would be helpful."
9/26/2026 10:46:13,1st Year,ICT,2026,Currently planning to start,Yes,"Data Science, Software Engineering, User Experience (UX) & Usability",3,I have not searched for a supervisor yet,"Asking seniors, LinkedIN, Facebook, Internet Search","Faculty research interests are difficult to find, I don't know whether a faculty member is currently accepting students",I usually don't know about available opportunities,No,"Research topic, Project description, Required skills, Required prerequisites, Opportunity status",2,"Project title, Supervisor, Project abstract, Research outcome",5,Yes,"Research topic selection, Research paper understanding, Dataset selection, Technical guidance",5,5,"Search faculty by research area, Faculty publication profile, Alumni research profiles, Student research-interest profile, Mentorship request system, Research collaboration","Faculty research-area search, Alumni research profiles, Mentorship requests","Difficult user interface, Lack of faculty participation","A dedicated research opportunity section where faculty members can post ongoing research projects, research assistant positions, thesis opportunities, and other opportunities for students to participate in research."
9/26/2026 10:50:38,3rd Year,ICT,2024,No,No,I don't want to conduct research,3,I have not searched for a supervisor yet,other,Other,I usually don't know about available opportunities,No,Required skills,1,Methodology,5,Maybe,"Thesis guidance, Publication guidance, Higher studies/research career guidance",3,2,"Faculty research directory, Thesis opportunity search and filtering","Thesis opportunity listings, Alumni research profiles, Publication search",Privacy concerns,Connecting with experienced researcher
9/26/2026 10:50:54,3rd Year,ICT,2024,No,Yes,"Artificial Intelligence, Machine Learning",5,No,Faculty profile,I don't know whether a faculty member is currently accepting students,"Faculty members, Friends/classmates",No,"Research topic, Faculty/supervisor name, Required skills",5,"Supervisor, Project abstract, Methodology",5,Yes,"Research topic selection, Research paper understanding, Dataset selection, Technical guidance, Publication guidance",4,5,"Search faculty by research area, Thesis opportunity listing, Previous thesis/research repository, Alumni research profiles, Mentorship request system","Faculty research-area search, Thesis opportunity listings, Alumni research profiles","Difficult user interface, Lack of faculty participation, Lack of alumni participation",Provide dataset availability or sources for different research topics
9/26/2026 10:52:05,3rd Year,ICT,2024,Currently planning to start,Yes,Machine Learning,4,Yes,Faculty profile,I depend on seniors for information,Seniors,Not sure,Opportunity status,3,Publication information,3,Yes,"Research paper understanding, Higher studies/research career guidance",3,3,"Faculty research directory, Faculty publication profile, Alumni research profiles","Faculty research directory, Thesis opportunity listings, Alumni research profiles",I prefer direct communication,Active management
9/26/2026 10:53:25,4th Year,ICT,2024,"Yes, research-based academic project",No,About our faculty ,5,I have not searched for a supervisor yet,other,Other,I usually don't know about available opportunities,Yes,Required skills,5,Project year,5,No,Thesis guidance,5,5,Alumni research profiles,Notifications,Other,NA
9/26/2026 11:04:24,3rd Year,ICT,2024,Currently planning to start,Yes,"Machine Learning, Computer Vision",5,Yes,"Faculty profile, Asking seniors, LinkedIN, Internet Search","I don't know which faculty works in my research area, Faculty research interests are difficult to find, I don't know whether a faculty member is currently accepting students, I depend on seniors for information","Seniors, Direct communication",Yes,"Research area, Faculty/supervisor name, Required skills",4,"Student names, Supervisor, Project abstract, Methodology, Project year",3,Yes,"Research topic selection, Research methodology, Dataset selection, Publication guidance",5,3,"Search faculty by research area, Faculty publication profile, Thesis opportunity listing, Alumni research profiles, Student research-interest profile, Mentorship request system","Faculty research-area search, Alumni research profiles, Notifications","Privacy concerns, Lack of alumni participation, Too many notifications",No suggestion right now
9/26/2026 11:05:23,3rd Year,ICT,2024,No,Yes,Communication System,5,No,"Faculty profile, Asking seniors","I don't know which faculty works in my research area, Faculty research interests are difficult to find","Faculty members, Seniors, Department notice",Not sure,"Research topic, Research area, Required skills",4,"Project title, Research area, Supervisor, Project abstract, Methodology, Technologies/tools used, Research outcome, Publication information, Project year",3,Yes,"Research topic selection, Research methodology, Research paper understanding, Dataset selection, Technical guidance",5,5,"Faculty research directory, Search faculty by research area, Faculty publication profile, Thesis opportunity listing, Thesis opportunity search and filtering, Previous thesis/research repository, Alumni research profiles, Student research-interest profile, Mentorship request system, Research collaboration","Faculty research directory, Faculty research-area search, Mentorship requests","Information may not be updated, Privacy concerns, Information may not be reliable, Difficult user interface, Lack of faculty participation, Lack of alumni participation, Too many notifications","A centralized notification and messaging system, research collaboration/matching with faculty and students based on research interests, and a simple dashboard to track research opportunities, applications, and project progress would make BUP Research Bridge more useful."
9/26/2026 11:05:24,1st Year,ICT,2026,No,Yes,"Artificial Intelligence, Cybersecurity, Networking, Software Engineering, Robotics",4,I have not searched for a supervisor yet,Asking classmates,"I don't know which faculty works in my research area, I don't know whether a faculty member is currently accepting students",I usually don't know about available opportunities,Yes,"Research topic, Faculty/supervisor name",4,"Project abstract, Methodology, Technologies/tools used, Research outcome",5,Yes,"Research paper understanding, Dataset selection, Technical guidance",5,5,Mentorship request system,"Faculty research directory, Alumni research profiles, Mentorship requests","Information may not be reliable, Difficult user interface, Lack of faculty participation",No
9/26/2026 11:05:26,3rd Year,ICT,2024,Currently planning to start,Yes,"Machine Learning, Deep Learning, Data Science",4,Yes,"Department website, Faculty profile, Asking seniors, LinkedIN","I don't know which faculty works in my research area, Publication information is difficult to find, Information is scattered across different sources","Faculty members, Seniors, Direct communication",Yes,"Research topic, Research area, Faculty/supervisor name, Required skills",5,"Project abstract, Research outcome, Publication information",4,Yes,"Research topic selection, Research methodology, Research paper understanding, Dataset selection",5,5,"Faculty research directory, Search faculty by research area, Faculty publication profile, Thesis opportunity listing, Alumni research profiles, Student research-interest profile","Faculty research directory, Previous thesis repository, Mentorship requests, Publication search","Privacy concerns, Difficult user interface, Lack of alumni participation, Too many notifications",nothing
9/26/2026 11:05:56,1st Year,ICT,2026,No,Yes,"Artificial Intelligence, Data Science, Cybersecurity, Networking, Software Engineering, Internet Of thing(IoT), Robotics, Communication System",3,I have not searched for a supervisor yet,"Department website, Faculty profile, Asking seniors, Asking classmates, LinkedIN, Internet Search","I don't know which faculty works in my research area, I don't know whether a faculty member is currently accepting students, I depend on seniors for information, It is difficult to compare different faculty members",I usually don't know about available opportunities,Yes,"Research topic, Research area, Faculty/supervisor name, Project description, Required skills, Required prerequisites, Number of application student, Application deadline, Opportunity status, Contact information",5,"Project title, Research area, Student names, Supervisor, Project abstract, Methodology, Technologies/tools used, Research outcome, Publication information, Project year",1,Yes,"Research topic selection, Research methodology, Research paper understanding, Dataset selection, Technical guidance, Thesis guidance, Publication guidance, Higher studies/research career guidance",5,5,"Faculty research directory, Search faculty by research area, Faculty publication profile, Thesis opportunity listing, Thesis opportunity search and filtering, Previous thesis/research repository, Alumni research profiles, Student research-interest profile, Mentorship request system, Research collaboration, Notifications, Search and filters","Thesis opportunity listings, Mentorship requests, Publication search","Information may not be updated, Information may not be reliable, Difficult user interface, Lack of faculty participation, Lack of alumni participation","A dedicated research collaboration and matchmaking portal where undergraduate students can find faculty mentors, open lab positions, or cross-departmental peer co-authors based on shared research interests."
9/26/2026 11:11:53,1st Year,ICT,2026,No,Yes,Robotics,3,I have not searched for a supervisor yet,Asking classmates,Information is scattered across different sources,I usually don't know about available opportunities,Not sure,Other,3,Project title,3,Yes,Research topic selection,3,3,Mentorship request system,Mentorship requests,Information may not be updated,"Please ensure the participation of all students who are interested.
"
9/26/2026 11:28:31,3rd Year,ICT,2024,Currently planning to start,Yes,"Artificial Intelligence, Machine Learning, Deep Learning, Computer Vision, Natural language Processing, Cybersecurity, Networking, Internet Of thing(IoT)",5,Yes,"Faculty profile, Internet Search","Information is scattered across different sources, It is difficult to compare different faculty members",Faculty members,Yes,"Research topic, Research area, Faculty/supervisor name, Project description, Required prerequisites, Number of application student, Application deadline, Opportunity status, Contact information",5,"Research area, Supervisor, Project abstract, Methodology, Technologies/tools used, Publication information",4,Yes,"Research topic selection, Research paper understanding, Dataset selection, Technical guidance, Thesis guidance, Publication guidance, Higher studies/research career guidance",5,5,"Faculty research directory, Search faculty by research area, Faculty publication profile, Thesis opportunity listing, Thesis opportunity search and filtering, Student research-interest profile, Mentorship request system, Research collaboration","Thesis opportunity listings, Alumni research profiles, Mentorship requests, Publication search","Information may not be updated, Information may not be reliable, Difficult user interface, Lack of faculty participation, Lack of alumni participation",Nothing more
9/26/2026 16:09:27,1st Year,ICT,2026,No,Yes,"Artificial Intelligence, Deep Learning, Cybersecurity, Software Engineering, Robotics, Communication System",3,I have not searched for a supervisor yet,"Asking seniors, Internet Search",Other,"Seniors, I usually don't know about available opportunities",Yes,"Research topic, Research area, Faculty/supervisor name, Required skills, Opportunity status, Contact information",5,"Project title, Research area, Supervisor, Project abstract, Methodology, Research outcome, Publication information",1,Yes,"Research methodology, Research paper understanding, Technical guidance, Thesis guidance, Publication guidance, Higher studies/research career guidance",5,4,"Faculty research directory, Thesis opportunity listing, Alumni research profiles, Research collaboration","Faculty research directory, Faculty research-area search, Thesis opportunity listings, Previous thesis repository, Alumni research profiles, Mentorship requests, Research collaboration, Publication search, Search/filter","Information may not be updated, Privacy concerns, Information may not be reliable, Difficult user interface, Lack of faculty participation, Lack of alumni participation, Too many notifications, I prefer direct communication","A user-friendly interface with better involvement of faculty and alumni.

"
9/26/2026 19:29:44,2nd Year,ICT,2025,"Yes, research-based academic project",Yes,Artificial Intelligence,4,I have not searched for a supervisor yet,Department website,I don't know which faculty works in my research area,Seniors,Yes,Research topic,4,"Project title, Research area, Student names, Supervisor, Project abstract, Methodology, Research outcome, Project year",3,No,"Research topic selection, Research methodology, Research paper understanding, Dataset selection, Technical guidance, Thesis guidance, Publication guidance, Higher studies/research career guidance",3,3,"Faculty research directory, Search faculty by research area, Faculty publication profile, Thesis opportunity listing, Thesis opportunity search and filtering, Previous thesis/research repository, Alumni research profiles, Student research-interest profile, Mentorship request system, Research collaboration, Notifications, Search and filters","Thesis opportunity listings, Previous thesis repository","Information may not be reliable, Difficult user interface, Lack of faculty participation, Lack of alumni participation",I don't have any idea
9/26/2026 19:31:11,2nd Year,ICT,2025,Currently planning to start,Not sure yet,"Artificial Intelligence, Machine Learning, Deep Learning, Natural language Processing, Cybersecurity, Networking",3,I have not searched for a supervisor yet,"Department website, Asking seniors, Facebook, Messenger/Whatsapp, other","I don't know which faculty works in my research area, Faculty research interests are difficult to find, Information is scattered across different sources, I depend on seniors for information, Other","Faculty members, Seniors, Other",Not sure,"Research topic, Research area, Faculty/supervisor name, Application deadline, Opportunity status, Contact information, Other",3,"Project title, Research area, Student names, Supervisor, Project abstract, Methodology, Technologies/tools used, Research outcome, Publication information, Project year",3,Maybe,"Research topic selection, Research paper understanding, Dataset selection, Thesis guidance, Publication guidance",2,4,"Faculty research directory, Search faculty by research area, Thesis opportunity search and filtering, Student research-interest profile, Research collaboration, Notifications","Faculty research directory, Previous thesis repository, Mentorship requests, Notifications, Search/filter","Privacy concerns, Lack of faculty participation, I prefer direct communication",_
9/26/2026 20:03:02,1st Year,ICT,2026,No,Not sure yet,"Artificial Intelligence, Machine Learning, Data Science, Computer Vision, Natural language Processing, Cybersecurity, Networking, Software Engineering, Internet Of thing(IoT), Robotics, Communication System",5,I have not searched for a supervisor yet,"Department website, Faculty profile, Asking seniors, LinkedIN",I don't know which faculty works in my research area,"Faculty members, Department notice",Not sure,"Research topic, Research area, Faculty/supervisor name, Project description, Required skills, Required prerequisites, Opportunity status, Contact information",5,"Research area, Technologies/tools used, Research outcome",5,Yes,"Research topic selection, Research methodology, Research paper understanding, Dataset selection, Technical guidance, Thesis guidance, Publication guidance, Higher studies/research career guidance",5,5,"Faculty research directory, Search faculty by research area, Faculty publication profile, Thesis opportunity listing, Thesis opportunity search and filtering, Previous thesis/research repository, Alumni research profiles, Student research-interest profile, Mentorship request system, Research collaboration, Notifications, Search and filters","Thesis opportunity listings, Previous thesis repository, Alumni research profiles","Information may not be updated, Privacy concerns, Information may not be reliable, Difficult user interface, Lack of faculty participation, Lack of alumni participation, Too many notifications, I prefer direct communication","Most of the students don't know how to research, how to start it,who are Researching,what research topics are there,overall we don't have a proper guideline, we don't know where and how to start, we have lack information, guidance.it will be better to provide these things in a file.And give us opportunity to participate in step by step procedure from the Department. I mean,as a first what should we do now to have better research in BUP,it should be provided by the Department and take as assignment from us. "
9/26/2026 22:07:33,3rd Year,ICT,2023,No,Yes,"Artificial Intelligence, Machine Learning, Deep Learning",5,Yes,"Faculty profile, Asking seniors, Asking classmates","I don't know whether a faculty member is currently accepting students, Information is scattered across different sources, It is difficult to compare different faculty members","Faculty members, Seniors, Direct communication",No,"Research topic, Research area, Faculty/supervisor name, Project description, Required skills, Required prerequisites, Number of application student, Application deadline, Opportunity status, Contact information",5,"Project title, Research area, Student names, Supervisor, Project abstract, Methodology, Technologies/tools used, Research outcome, Publication information, Project year",5,Yes,"Research topic selection, Research paper understanding, Thesis guidance, Publication guidance",5,4,"Faculty research directory, Search faculty by research area, Faculty publication profile, Thesis opportunity listing, Thesis opportunity search and filtering, Previous thesis/research repository, Alumni research profiles, Student research-interest profile, Mentorship request system, Research collaboration, Notifications, Search and filters","Thesis opportunity listings, Previous thesis repository, Mentorship requests","Information may not be updated, Privacy concerns",All are given.
9/26/2026 22:13:54,3rd Year,ICT,2024,Currently planning to start,Yes,"Machine Learning, Data Science, Computer Vision",4,Yes,"Faculty profile, Asking classmates","I don't know which faculty works in my research area, Faculty research interests are difficult to find, I don't know whether a faculty member is currently accepting students, It is difficult to compare different faculty members","Seniors, Friends/classmates",Not sure,"Research topic, Research area, Required skills, Required prerequisites",5,"Research area, Supervisor, Project abstract, Research outcome, Publication information",5,Yes,"Research topic selection, Research paper understanding, Dataset selection, Technical guidance, Thesis guidance, Publication guidance",5,5,"Search faculty by research area, Thesis opportunity listing, Thesis opportunity search and filtering","Faculty research-area search, Thesis opportunity listings, Alumni research profiles","Information may not be updated, Lack of faculty participation, Lack of alumni participation",Not anything more now
9/26/2026 22:21:23,3rd Year,CSE,2024,No,Yes,"Artificial Intelligence, Machine Learning, Cybersecurity, Networking, Software Engineering",3,I have not searched for a supervisor yet,"Internet Search, Youtube",Other,Friends/classmates,No,"Research topic, Required skills, Required prerequisites, Number of application student",1,"Project title, Research area, Project abstract, Research outcome, Publication information, Project year",2,Maybe,Higher studies/research career guidance,3,3,"Thesis opportunity listing, Thesis opportunity search and filtering, Student research-interest profile, Research collaboration","Thesis opportunity listings, Mentorship requests, Research collaboration","Information may not be updated, Information may not be reliable",suggestions can be offered after the initial version.
9/26/2026 22:22:56,3rd Year,CSE,2024,No,Yes,"Machine Learning, Deep Learning, Networking, Software Engineering, Internet Of thing(IoT)",3,I have not searched for a supervisor yet,"Faculty profile, Asking seniors, Asking classmates","I don't know which faculty works in my research area, Publication information is difficult to find, I don't know whether a faculty member is currently accepting students, Information is scattered across different sources, I depend on seniors for information","Direct communication, I usually don't know about available opportunities",Not sure,"Research topic, Research area, Faculty/supervisor name, Project description, Required skills, Required prerequisites, Number of application student, Application deadline, Opportunity status, Contact information",4,"Project title, Research area, Supervisor, Methodology, Technologies/tools used, Publication information",5,Yes,"Research paper understanding, Technical guidance, Thesis guidance, Higher studies/research career guidance",5,5,"Faculty research directory, Search faculty by research area, Thesis opportunity search and filtering, Previous thesis/research repository, Student research-interest profile, Research collaboration, Notifications","Faculty research-area search, Previous thesis repository, Search/filter","Information may not be updated, Difficult user interface, Lack of faculty participation",None
9/26/2026 22:23:54,3rd Year,CSE,2024,"Yes, research",Yes,"Artificial Intelligence, Machine Learning, Data Science, Internet Of thing(IoT), Robotics, Communication System",3,I have not searched for a supervisor yet,"Faculty profile, Asking seniors","I don't know which faculty works in my research area, Other",Friends/classmates,Not sure,"Research topic, Application deadline",3,"Project title, Supervisor, Methodology",3,Yes,Research paper understanding,2,3,Faculty publication profile,"Faculty research-area search, Alumni research profiles",I prefer direct communication,🤲
9/26/2026 22:26:46,3rd Year,CSE,2024,Currently planning to start,Yes,"Machine Learning, Data Science, Cybersecurity, Networking, Internet Of thing(IoT), Robotics",3,Yes,"Department website, Faculty profile, Asking seniors","I don't know which faculty works in my research area, Faculty research interests are difficult to find, I don't know whether a faculty member is currently accepting students, It is difficult to compare different faculty members","Seniors, Friends/classmates, I usually don't know about available opportunities",Not sure,"Research topic, Research area, Faculty/supervisor name, Project description, Required skills, Required prerequisites, Application deadline, Opportunity status, Contact information",4,"Project title, Research area, Supervisor, Project abstract, Methodology, Technologies/tools used, Research outcome, Publication information, Project year",5,Yes,"Research methodology, Research paper understanding, Technical guidance, Thesis guidance, Publication guidance, Higher studies/research career guidance",5,5,"Faculty research directory, Search faculty by research area, Faculty publication profile, Thesis opportunity listing, Thesis opportunity search and filtering, Previous thesis/research repository, Alumni research profiles, Student research-interest profile, Mentorship request system, Research collaboration, Notifications, Search and filters","Faculty research directory, Thesis opportunity listings, Mentorship requests","Information may not be updated, Information may not be reliable, Difficult user interface, Lack of faculty participation, Lack of alumni participation",Some checks that would identify if im selecting a ongoing topic or not.
9/26/2026 22:29:23,4th Year,CSE,2023,"Yes, research",Yes,"Artificial Intelligence, Machine Learning, Data Science, Computer Vision, Cybersecurity, Software Engineering, Internet Of thing(IoT), Communication System",1,Yes,Faculty profile,"Faculty research interests are difficult to find, Publication information is difficult to find, I don't know whether a faculty member is currently accepting students, Information is scattered across different sources","Messenger/whatsapp groups, Friends/classmates, I usually don't know about available opportunities",No,"Faculty/supervisor name, Project description, Required prerequisites",1,"Student names, Project year",4,Yes,Dataset selection,1,1,"Faculty publication profile, Previous thesis/research repository, Mentorship request system, Research collaboration","Faculty research-area search, Publication search, Search/filter","Privacy concerns, Lack of faculty participation, Lack of alumni participation","
BUP Research Bridge — Student Research Needs Survey form
abtahibinislam2018@gmail.com Switch account
 
Not shared
 
Draft saved
* Indicates required question
Proposed BUP Research Bridge
How likely would you be to use such a platform?  
*
Very unlikely
1
2
3
4
5
very likely
Which features would be useful to you?  
*
Faculty research directory
Search faculty by research area
Faculty publication profile
Thesis opportunity listing
Thesis opportunity search and filtering
Previous thesis/research repository
Alumni research profiles
Student research-interest profile
Mentorship request system
Research collaboration
Notifications
Search and filters
Which THREE features would be most important to you?  
*
Faculty research directory
Faculty research-area search
Thesis opportunity listings
Previous thesis repository
Alumni research profiles
Mentorship requests
Research collaboration
Publication search
Notifications
Search/filter
What concerns might prevent you from using such a platform?  
*
Information may not be updated
Privacy concerns
Information may not be reliable
Difficult user interface
Lack of faculty participation
Lack of alumni participation
Too many notifications
I prefer direct communication
Other
What additional feature or suggestion would you like to see in BUP Research Bridge?  
*

 
This is a required question
Never submit passwords through Google Forms.
This content is neither created nor endorsed by Google. - Contact form owner - Terms of Service - Privacy Policy
Does this form look suspicious? Report

Google Forms"
9/26/2026 22:30:10,1st Year,CSE,2026,Currently planning to start,Yes,Software Engineering,3,I have not searched for a supervisor yet,Asking seniors,I don't know whether a faculty member is currently accepting students,I usually don't know about available opportunities,Not sure,Research area,3,"Research area, Project abstract, Methodology, Technologies/tools used, Research outcome, Publication information, Project year",3,Yes,"Research topic selection, Research methodology, Research paper understanding, Dataset selection, Technical guidance, Thesis guidance, Publication guidance, Higher studies/research career guidance",5,5,"Faculty research directory, Search faculty by research area, Thesis opportunity listing, Previous thesis/research repository, Alumni research profiles, Student research-interest profile","Faculty research directory, Faculty research-area search, Previous thesis repository","Privacy concerns, Difficult user interface, Lack of faculty participation, Lack of alumni participation",Other varsity faculty participate 
9/26/2026 22:38:28,3rd Year,CSE,2024,No,Yes,Machine Learning,5,I have not searched for a supervisor yet,other,I don't know whether a faculty member is currently accepting students,Friends/classmates,No,Research topic,5,Research area,3,Yes,Research topic selection,4,3,Alumni research profiles,"Faculty research-area search, Thesis opportunity listings, Previous thesis repository",Privacy concerns,Senior's help
9/26/2026 22:40:26,1st Year,CSE,2026,Currently planning to start,Yes,"Artificial Intelligence, Machine Learning, Cybersecurity, Internet Of thing(IoT), Robotics",5,I have not searched for a supervisor yet,Faculty profile,Other,Other,Yes,Other,5,Research area,5,Yes,"Research topic selection, ",5,5,"Faculty research directory, Notifications","Faculty research-area search, Search/filter",Other,To conduct frequent sessions on Reseach 
9/26/2026 23:07:29,2nd Year,CSE,2025,No,Not sure yet,"Artificial Intelligence, Machine Learning, Cybersecurity",3,No,"Faculty profile, Asking seniors, Asking classmates","I don't know which faculty works in my research area, Faculty research interests are difficult to find","Faculty members, Seniors",No,"Research topic, Research area",3,"Project title, Research area, Student names",2,No,Research paper understanding,2,2,"Faculty research directory, Faculty publication profile, Thesis opportunity search and filtering","Faculty research directory, Thesis opportunity listings","Information may not be updated, Information may not be reliable",No idea 
9/26/2026 23:10:09,3rd Year,CSE,2024,"Yes, thesis",Yes,"Machine Learning, Software Engineering",4,Yes,"Faculty profile, Asking classmates, LinkedIN, Internet Search","Faculty research interests are difficult to find, Information is scattered across different sources","Faculty members, Friends/classmates, Direct communication",Yes,"Research topic, Project description, Opportunity status",3,"Project title, Research area, Project abstract, Methodology",3,Yes,"Research topic selection, Research methodology, Dataset selection, Technical guidance",3,2,"Faculty research directory, Thesis opportunity listing, Previous thesis/research repository, Student research-interest profile","Faculty research directory, Thesis opportunity listings, Research collaboration","Privacy concerns, Information may not be reliable, Lack of faculty participation",A verified faculty and student profile system with regular notifications and an easy-to-use interface would make BUP Research Bridge more effective.
9/26/2026 23:17:16,2nd Year,CSE,2025,Currently planning to start,Not sure yet,"Cybersecurity, Networking, ",4,No,"Asking seniors, Facebook, Internet Search","Faculty research interests are difficult to find, I don't know whether a faculty member is currently accepting students, I depend on seniors for information, It is difficult to compare different faculty members","Seniors, Facebook groups, Direct communication",Not sure,"Research topic, Project description",3,"Supervisor, Project abstract, Methodology",2,No,"Research paper understanding, Technical guidance",3,2,"Thesis opportunity search and filtering, Alumni research profiles","Thesis opportunity listings, Alumni research profiles, Publication search","Lack of faculty participation, Lack of alumni participation",N/A
9/27/2026 0:33:58,1st Year,CSE,2026,Currently planning to start,No,Artificial Intelligence,5,I have not searched for a supervisor yet,"Department website, Faculty profile, Asking seniors","I don't know which faculty works in my research area, It is difficult to compare different faculty members",Other,No,"Research topic, Research area, Faculty/supervisor name, Project description, Required skills, Required prerequisites, Number of application student, Opportunity status",5,"Project title, Research area, Student names, Supervisor, Project abstract, Methodology, Technologies/tools used, Research outcome, Publication information, Project year",5,Yes,"Research paper understanding, Dataset selection, Technical guidance, Thesis guidance, Publication guidance, Higher studies/research career guidance",5,5,"Faculty research directory, Search faculty by research area, Faculty publication profile, Thesis opportunity listing, Thesis opportunity search and filtering, Previous thesis/research repository, Alumni research profiles, Student research-interest profile, Mentorship request system, Research collaboration, Notifications, Search and filters","Faculty research directory, Alumni research profiles, Mentorship requests","Information may not be reliable, Difficult user interface, Lack of faculty participation, Lack of alumni participation, Too many notifications",It should be simple.so that any new person can use.
9/27/2026 1:48:04,1st Year,ICT,2026,Currently planning to start,Yes,"Natural language Processing, Cybersecurity, Robotics, Communication System",3,Yes,"Department website, Faculty profile, Asking seniors, Asking classmates, LinkedIN, Facebook, Internet Search","I don't know which faculty works in my research area, Faculty research interests are difficult to find, Information is scattered across different sources, Other","Facebook groups, Other",No,"Research topic, Research area, Faculty/supervisor name, Project description, Required skills, Required prerequisites, Opportunity status, Contact information",5,"Project title, Research area, Supervisor, Project abstract, Methodology, Technologies/tools used, Publication information",5,Yes,"Research topic selection, Research methodology, Research paper understanding, Dataset selection, Technical guidance, Thesis guidance, Publication guidance, Higher studies/research career guidance",5,5,"Faculty research directory, Search faculty by research area, Faculty publication profile, Thesis opportunity listing, Thesis opportunity search and filtering, Previous thesis/research repository, Alumni research profiles, Student research-interest profile, Mentorship request system, Research collaboration, Notifications, Search and filters","Faculty research-area search, Mentorship requests, Research collaboration","Information may not be updated, Privacy concerns, Information may not be reliable, Difficult user interface, Lack of faculty participation, Lack of alumni participation",Step by step mentoring 
9/27/2026 5:31:51,1st Year,ICT,2026,Currently planning to start,Yes,"Artificial Intelligence, Machine Learning, Data Science, Human Computer Interaction",5,I have not searched for a supervisor yet,Department website,"I don't know whether a faculty member is currently accepting students, Information is scattered across different sources, It is difficult to compare different faculty members",I usually don't know about available opportunities,Not sure,"Research topic, Research area, Faculty/supervisor name, Project description, Required skills, Required prerequisites, Number of application student, Application deadline, Opportunity status, Contact information",5,"Project title, Research area, Student names, Supervisor, Project abstract, Methodology, Technologies/tools used, Research outcome, Publication information, Project year",5,Yes,"Research topic selection, Research paper understanding, Thesis guidance, Publication guidance, Higher studies/research career guidance",5,5,"Faculty research directory, Search faculty by research area, Faculty publication profile, Thesis opportunity listing, Thesis opportunity search and filtering, Previous thesis/research repository, Alumni research profiles, Student research-interest profile, Mentorship request system, Research collaboration, Notifications, Search and filters","Previous thesis repository, Alumni research profiles, Mentorship requests","Information may not be updated, Lack of alumni participation",A nicely designed web app